{"cameraMode":{"drawMode":0,"name":"Shaded","section":"Shading Mode"},"sceneLighting":false,"audioPlay":false,"sceneViewState":{"m_AlwaysRefresh":false,"showFog":true,"showSkybox":true,"showFlares":true,"showImageEffects":true,"showParticleSystems":true,"showVisualEffectGraphs":true,"m_FxEnabled":true},"in2DMode":false,"pivot":{"x":-0.010000228881835938,"y":3.059999704360962,"z":-6.373749732971191},"rotation":{"x":0.19963112473487855,"y":-0.013227811083197594,"z":0.0026951851323246958,"w":0.9797781705856323},"size":1.94509756565094,"orthographic":false}